{
  "ਸ੍ਵੈਂਗ": "{ਸ੍ਵੈਂ}{ਗ}",
  "ਨਿਗਰਾਨੀ": "{ਨਿ}{ਗ}{ਰਾ}{ਨੀ}",
  "ਪ੍ਰੀਤ": "{ਪ੍ਰੀ}{ਤ}",
  "ਪ੍ਰੇਮ": "{ਪ੍ਰੇ}{ਮ}",
  "ਪ੍ਰਸਾਦ": "{ਪ੍ਰ}{ਸਾ}{ਦ}",
  "ਪ੍ਰਭਾਤ": "{ਪ੍ਰ}{ਭਾ}{ਤ}",
  "ਪ੍ਰਵਾਸ": "{ਪ੍ਰ}{ਵਾ}{ਸ}",
  "ਪ੍ਰਤੀਕ": "{ਪ੍ਰ}{ਤੀ}{ਕ}",
  "ਪ੍ਰਯਾਸ": "{ਪ੍ਰ}{ਯਾ}{ਸ}",
  "ਪ੍ਰਯੋਗ": "{ਪ੍ਰ}{ਯੋ}{ਗ}",
  "ਸ੍ਰੀ": "{ਸ੍ਰੀ}",
  "ਸ੍ਰੇਣੀ": "{ਸ੍ਰੇ}{ਣੀ}",
  "ਸ੍ਰੋਤ": "{ਸ੍ਰੋ}{ਤ}",
  "ਸ੍ਰੌਤ": "{ਸ੍ਰੌ}{ਤ}",
  "ਤ੍ਰਿਪਤਿ": "{ਤ੍ਰਿ}{ਪ}{ਤਿ}",
  "ਤ੍ਰੁਪਤਿ": "{ਤ੍ਰੁ}{ਪ}{ਤਿ}",
  "ਤ੍ਰੇਤਾ": "{ਤ੍ਰੇ}{ਤਾ}",
  "ਤ੍ਰੋਣ": "{ਤ੍ਰੋ}{ਣ}",
  "ਗ੍ਰਾਮ": "{ਗ੍ਰਾ}{ਮ}",
  "ਗ੍ਰੀਨ": "{ਗ੍ਰੀ}{ਨ}",
  "ਗ੍ਰੇਡ": "{ਗ੍ਰੇ}{ਡ}",
  "ਕ੍ਰਿਪਾ": "{ਕ੍ਰਿ}{ਪਾ}",
  "ਗ੍ਰਹਿ": "{ਗ੍ਰਿ}{ਹਿ}",
  "ਗ੍ਰਹਣ": "{ਗ੍ਰ}{ਹ}{ਣ}",
  "ਗ੍ਰੋਹ": "{ਗ੍ਰੋ}{ਹ}",
  "ਕ੍ਰਿਆ": "{ਕ੍ਰਿ}{ਆ}",
  "ਕ੍ਰੋਧ": "{ਕ੍ਰੋ}{ਧ}",
  "ਬ੍ਰਹਮ": "{ਬ੍ਰ}{ਹ}{ਮ}",
  "ਬ੍ਰਿਜ": "{ਬ੍ਰਿ}{ਜ}",
  "ਬ੍ਰੀਫ": "{ਬ੍ਰੀ}{ਫ}",
  "ਦ੍ਰੋਹ": "{ਦ੍ਰੋ}{ਹ}",
  "ਦ੍ਰੋਣ": "{ਦ੍ਰੋ}{ਣ}",
  "ਦ੍ਰਿਸਟਿ": "{ਦ੍ਰਿ}{ਸ}{ਟਿ}",
  "ਦ੍ਰੁਤ": "{ਦ੍ਰੁ}{ਤ}",
  "ਪ੍ਰੀਖਿਆ": "{ਪ੍ਰੀ}{ਖਿ}{ਆ}",
  "ਪ੍ਰਸਿੱਧ": "{ਪ੍ਰ}{ਸਿੱ}{ਧ}",
  "ਪ੍ਰੀਮੀ": "{ਪ੍ਰੀ}{ਮੀ}",
  "ਪ੍ਰੌਜੈਕਟ": "{ਪ੍ਰੌ}{ਜੇ}{ਕ}{ਟ}",
  "ਪ੍ਰੋਫੈਸਰ": "{ਪ੍ਰੋ}{ਫੈ}{ਸ}{ਰ}",
  "ਪ੍ਰੋਗਰਾਮ": "{ਪ੍ਰੋ}{ਗ}{ਰਾ}{ਮ}",
  "ਸ੍ਰੀਮਾਨ": "{ਸ੍ਰੀ}{ਮਾ}{ਨ}",
  "ਸ੍ਰੋਤਾ": "{ਸ੍ਰੋ}{ਤਾ}",
  "ਸ੍ਵਾਗਤ": "{ਸ੍ਵਾ}{ਗ}{ਤ}",
  "ਸ੍ਵਰ": "{ਸ੍ਵ}{ਰ}",
  "ਸ੍ਵੈ": "{ਸ੍ਵੈ}",
  "ਸ੍ਵਾਮੀ": "{ਸ੍ਵਾ}{ਮੀ}",
  "ਸ੍ਵੇਰ": "{ਸ੍ਵੇ}{ਰ}",
  "ਸ੍ਵੀਕਾਰ": "{ਸ੍ਵੀ}{ਕਾਰ}",
  "ਸ੍ਵਾਦ": "{ਸ੍ਵਾ}{ਦ}",
  "ਸ੍ਵਰੂਪ": "{ਸ੍ਵ}{ਰੂ}{ਪ}",
  "ਸ੍ਰਵ": "{ਸ੍ਰ}{ਵ}",
  "ਪ੍ਰਵਚਨ": "{ਪ੍ਰ}{ਵ}{ਚ}{ਨ}",
  "ਪ੍ਰਵਾਹ": "{ਪ੍ਰ}{ਵਾ}{ਹ}",
  "ਪ੍ਰਵਾਸੀ": "{ਪ੍ਰ}{ਵਾ}{ਸੀ}",
  "ਤ੍ਰੈਲੋਕ": "{ਤ੍ਰੈ}{ਲੋ}{ਕ}",
  "ਕ੍ਰੈਡਿਟ": "{ਕ੍ਰੈ}{ਡਿ}{ਟ}",
  "ਕ੍ਰੋਮ": "{ਕ੍ਰੋ}{ਮ}",
  "ਗ੍ਰੋਸਰੀ": "{ਗ੍ਰੋ}{ਸ}{ਰੀ}",
  "ਬ੍ਰੋਮਿਨ": "{ਬ੍ਰੋ}{ਮੀ}{ਨ}",
  "ਸ੍ਰੀਲਤਾ": "{ਸ੍ਰੀ}{ਲ}{ਤਾ}",
  "ਸ੍ਵੈਰ": "{ਸ੍ਵੈ}{ਰ}",
  "ਸ੍ਵੈਧੀਨ": "{ਸ੍ਵੈ}{ਧੀ}{ਨ}",
  "ਤ੍ਰੁਟਿ": "{ਤ੍ਰੁ}{ਟਿ}",
  "ਕ੍ਰੁਧ": "{ਕ੍ਰੁ}{ਧ}",
  "ਗ੍ਰੁੱਪ": "{ਗ੍ਰੁੱ}{ਪ}",
  "ਕੁਦਰਤ": "{ਕੁ}{ਦ}{ਰ}{ਤ}",
  "ਪ੍ਰਗਤੀ": "{ਪ੍ਰ}{ਗ}{ਤੀ}",
  "ਪ੍ਰਿਥਵੀ": "{ਪ੍ਰਿ}{ਥ}{ਵੀ}",
  "ਪ੍ਰੇਰਨਾ": "{ਪ੍ਰੇ}{ਰ}{ਨਾ}",
  "ਪ੍ਰੈਰਣਾ": "{ਪ੍ਰੈ}{ਰ}{ਣਾ}",
  "ਪ੍ਰੋਤਸਾਹਨ": "{ਪ੍ਰੋ}{ਤ}{ਸਾ}{ਹ}{ਨ}",
  "ਪ੍ਰੌਢ": "{ਪ੍ਰੌ}{ਢ}",
  "ਤ੍ਰੇਣੀ": "{ਤ੍ਰੇ}{ਣੀ}",
  "ਗ੍ਰੇਡਰ": "{ਗ੍ਰੇ}{ਡ}{ਰ}",
  "ਕ੍ਰੈਤਾ": "{ਕ੍ਰੈ}{ਤਾ}",
  "ਕ੍ਰੇਡਿਟ": "{ਕ੍ਰੇ}{ਡਿ}{ਟ}",
  "ਸ੍ਰੇਤਾ": "{ਸ੍ਰੇ}{ਤਾ}",
  "ਬ੍ਰੇਕਰ": "{ਬ੍ਰੇ}{ਕ}{ਰ}",
  "ਬ੍ਰੋਚਰ": "{ਬ੍ਰੋ}{ਚ}{ਰ}",
  "ਗ੍ਰੋਸਰ": "{ਗ੍ਰੋ}{ਸ}{ਰ}",
  "ਪ੍ਰੋਜੈਕਟ": "{ਪ੍ਰੋ}{ਜੇ}{ਕ}{ਟ}",
  "ਪ੍ਰੋਫਾਈਲ": "{ਪ੍ਰੋ}{ਫਾ}{ਈ}{ਲ}",
  "ਪ੍ਰੈਸ": "{ਪ੍ਰੈ}{ਸ}",
  "ਪ੍ਰੋਟੋਕਾਲ": "{ਪ੍ਰੋ}{ਟੋ}{ਕਾ}{ਲ}",
  "ਸ੍ਰੀਚਰਨ": "{ਸ੍ਰੀ}{ਚ}{ਰ}{ਨ}",
  "ਸ੍ਰੀਵਰ": "{ਸ੍ਰੀ}{ਵ}{ਰ}",
  "ਸ੍ਰੀਧਰ": "{ਸ੍ਰੀ}{ਧ}{ਰ}",
  "ਗ੍ਰਹਸਤੀ": "{ਗ੍ਰ}{ਹ}{ਸ}{ਤੀ}",
  "ਕ੍ਰਿਪਾਲ": "{ਕ੍ਰਿ}{ਪਾ}{ਲ}",
  "ਕ੍ਰਿਆਕਲਾਪ": "{ਕ੍ਰਿਯਾ}{ਕ}{ਲਾ}{ਪ}",
  "ਪ੍ਰਯੋਜਨ": "{ਪ੍ਰ}{ਯੋ}{ਜ}{ਨ}",
  "ਪ੍ਰਯੋਗਸ਼ਾਲਾ": "{ਪ੍ਰ}{ਯੋ}{ਗ}{ਸ਼ਾ}{ਲਾ}",
  "ਪ੍ਰਤਿਯੋਗੀ": "{ਪ੍ਰ}{ਤਿ}{ਯੋ}{ਗੀ}",
  "ਤ੍ਰਿਭੁਜ": "{ਤ੍ਰਿ}{ਭੁ}{ਜ}",
  "ਦ੍ਰਿਸ਼ਟਿਕੋਣ": "{ਦ੍ਰਿ}{ਸ਼}{ਟੀ}{ਕੋ}{ਣ}",
  "ਤ੍ਰਿਭੰਗ": "{ਤ੍ਰਿ}{ਭੰ}{ਗ}",
  "ਕ੍ਰਿਸ਼ਕ": "{ਕ੍ਰਿ}{ਸ਼}{ਕ}",
  "ਕ੍ਰਿਸ਼ਨ": "{ਕ੍ਰਿ}{ਸ਼}{ਨ}",
  "ਬ੍ਰਹਮਾ": "{ਬ੍ਰ}{ਹ}{ਮਾ}",
  "ਦ੍ਰਿਸ਼": "{ਦ੍ਰਿ}{ਸ਼}",
  "ਗ੍ਰੀਕ": "{ਗ੍ਰੀ}{ਕ}",
  "ਬ੍ਰਿਟਨ": "{ਬ੍ਰਿ}{ਟ}{ਨ}",
  "ਪ੍ਰਿਯ": "{ਪ੍ਰਿ}{ਯ}",
  "ਕ੍ਰਿਯਾ": "{ਕ੍ਰਿ}{ਯਾ}",
  "ਪ੍ਰਚਾਰ": "{ਪ੍ਰ}{ਚਾ}{ਰ}",
  "ਪ੍ਰਕਾਰ": "{ਪ੍ਰ}{ਕਾ}{ਰ}",
  "ਪ੍ਰਮਾਣ": "{ਪ੍ਰ}{ਮਾ}{ਣ}",
  "ਪ੍ਰਤੀਕਾਰ": "{ਪ੍ਰ}{ਤੀ}{ਕਾ}{ਰ}",
  "ਪ੍ਰਵਿਰਤੀ": "{ਪ੍ਰ}{ਵਿ}{ਰ}{ਤੀ}",
  "ਪ੍ਰਯਾਸੀ": "{ਪ੍ਰ}{ਯਾ}{ਸੀ}",
  "ਤ੍ਰਿਣ": "{ਤ੍ਰਿ}{ਣ}",
  "ਤ੍ਰਿਪਦ": "{ਤ੍ਰਿ}{ਪ}{ਦ}",
  "ਤ੍ਰਿਬੇਦੀ": "{ਤ੍ਰਿ}{ਬੇ}{ਦੀ}",
  "ਤ੍ਰਿਕੋਣ": "{ਤ੍ਰਿ}{ਕੋ}{ਣ}",
  "ਗ੍ਰਾਮੀਣ": "{ਗ੍ਰਾ}{ਮੀ}{ਣ}",
  "ਗ੍ਰਹਕ": "{ਗ੍ਰ}{ਹ}{ਕ}",
  "ਗ੍ਰੰਥਕ": "{ਗ੍ਰੰ}{ਥ}{ਕ}",
  "ਕ੍ਰਿਤੀ": "{ਕ੍ਰਿ}{ਤੀ}",
  "ਕ੍ਰਿਤਕ": "{ਕ੍ਰਿ}{ਤ}{ਕ}",
  "ਕ੍ਰੋਧੀ": "{ਕ੍ਰੋ}{ਧੀ}",
  "ਬ੍ਰਹਮੰਡ": "{ਬ੍ਰ}{ਹ}{ਮੰ}{ਡ}",
  "ਬ੍ਰਤ": "{ਬ੍ਰ}{ਤ}",
  "ਦ੍ਰਵ": "{ਦ੍ਰ}{ਵ}",
  "ਦ੍ਰੀਸ਼": "{ਦ੍ਰੀ}{ਸ਼}",
  "ਸ੍ਵਰਿਤ": "{ਸ੍ਵ}{ਰਿ}{ਤ}",
  "ਸ੍ਵਰਿਤਾ": "{ਸ੍ਵ}{ਰਿ}{ਤਾ}",
  "ਸ੍ਵਰਲਹਰੀ": "{ਸ੍ਵ}{ਰ}{ਲ}{ਹ}{ਰੀ}",
  "ਸ੍ਵੈਭਾਵ": "{ਸ੍ਵੈ}{ਭਾ}{ਵ}",
  "ਸ੍ਵੈਰਾਜ": "{ਸ੍ਵੈ}{ਰਾ}{ਜ}",
  "ਸ੍ਵਪਨ": "{ਸ੍ਵ}{ਪ}{ਨ}",
  "ਸ੍ਵਰੂਪਤਾ": "{ਸ੍ਵ}{ਰੂ}{ਪ}{ਤਾ}",
  "ਸ੍ਵਾਮਿਤਾ": "{ਸ੍ਵਾ}{ਮੀ}{ਤਾ}",
  "ਸ੍ਰੋਤਪਥ": "{ਸ੍ਰੋ}{ਤ}{ਪ}{ਥ}",
  "ਸ੍ਰੇਖਲਾ": "{ਸ੍ਰੇ}{ਖ}{ਲਾ}",
  "ਪ੍ਰਸੰਗ": "{ਪ੍ਰ}{ਸੰ}{ਗ}",
  "ਪ੍ਰਕਿਰਣ": "{ਪ੍ਰ}{ਕਿ}{ਰ}{ਣ}",
  "ਪ੍ਰਬੋਧ": "{ਪ੍ਰ}{ਬੋ}{ਧ}",
  "ਪ੍ਰਯੋਗਿਕ": "{ਪ੍ਰ}{ਯੋ}{ਗਿ}{ਕ}",
  "ਪ੍ਰਖਰ": "{ਪ੍ਰ}{ਖ}{ਰ}",
  "ਤ੍ਰਿਪੁਰ": "{ਤ੍ਰਿ}{ਪੁ}{ਰ}",
  "ਤ੍ਰੈਣਿਕ": "{ਤ੍ਰੈ}{ਣਿ}{ਕ}",
  "ਗ੍ਰੈਵਿਟੀ": "{ਗ੍ਰੈ}{ਵਿ}{ਟੀ}",
  "ਬ੍ਰੋਡਕਾਸਟ": "{ਬ੍ਰੋ}{ਡ}{ਕਾ}{ਸਟ}",
  "ਕ੍ਰਾਫਟ": "{ਕ੍ਰਾ}{ਫ}{ਟ}",
  "ਆਰਤੀ": "{ਆ}{ਰ}{ਤੀ}",
  "ਦੁਆਰਾ": "{ਦੁ}{ਆ}{ਰਾ}",
  "ਆਰਾਮ": "{ਆ}{ਰਾ}{ਮ}",
  "ਆਸਰਾ": "{ਆ}{ਸ}{ਰਾ}",
  "ਮੁੱਤਰ": "{ਮੁੱ}{ਤਰ}",
  "ਸੂਰਜੀ": "{ਸੂ}{ਰਾ}{ਜੀ}",
  "ਸੁਚਰਿਤ": "{ਸੁ}{ਚ}{ਰਿ}{ਤ}",
  "ਬੇਪਰਵਾਹ": "{ਬੇ}{ਪ}{ਰ}{ਵਾ}{ਹ}",
  "ਉਦਾਹਰਨ": "{ਉ}{ਦਾ}{ਹ}{ਰ}{ਨ}",
  "ਅਰਦਾਸ": "{ਅ}{ਰ}{ਦਾ}{ਸ}",
  "ਊਰਜਾ": "{ਊ}{ਰ}{ਜਾ}",
  "ਐਤਿਹਾਸਿਕ": "{ਐ}{ਤਿ}{ਹਾ}{ਸੀ}{ਕ}",
  "01. ਅੰਕ": "{ਅੰ}{ਕ}",
  "02. ਅੰਦਰ": "{ਅੰ}{ਦ}{ਰ}",
  "03. ਅੰਨ": "{ਅੰ}{ਨ}",
  "04. ਅੰਗ": "{ਅੰ}{ਗ}",
  "05. ਅੰਬ": "{ਅੰ}{ਬ}",
  "06. ਅੰਬਰ": "{ਅੰ}{ਬ}{ਰ}",
  "07. ਅੰਕੁਰ": "{ਅੰ}{ਕੁ}{ਰ}",
  "08. ਅੰਕਿਤ": "{ਅੰ}{ਕਿ}{ਤ}",
  "09. ਅੰਚਲ": "{ਅੰ}{ਚ}{ਲ}",
  "10. ਅੰਤਰ": "{ਅੰ}{ਤ}{ਰ}",
  "11. ਅੰਦਰੂਨੀ": "{ਅੰ}{ਦ}{ਰੂ}{ਨੀ}",
  "12. ਅੰਧੇਰਾ": "{ਅੰ}{ਧੇ}{ਰਾ}",
  "13. ਅੰਧਕਾਰ": "{ਅੰ}{ਧ}{ਕਾ}{ਰ}",
  "14. ਅੰਕਗਣਿਤ": "{ਅੰ}{ਕ}{ਗ}{ਣਿ}{ਤ}",
  "15. ਅੰਸੂ": "{ਅੰ}{ਸੂ}",
  "16. ਪਿੰਡ": "{ਪਿੰ}{ਡ}",
  "17. ਪਿੰਜਰਾ": "{ਪਿੰ}{ਜ}{ਰਾ}",
  "18. ਸਿੰਘ": "{ਸਿੰ}{ਘ}",
  "19. ਸਿੰਧੂ": "{ਸਿੰ}{ਧੂ}",
  "20. ਜੰਗ": "{ਜੰ}{ਗ}",
  "21. ਜੰਤਰ": "{ਜੰ}{ਤ}{ਰ}",
  "22. ਜੰਮ": "{ਜੰ}{ਮ}",
  "23. ਸੰਤ": "{ਸੰ}{ਤ}",
  "24. ਸੰਸਾਰ": "{ਸੰ}{ਸਾ}{ਰ}",
  "25. ਸੰਕੇਤ": "{ਸੰ}{ਕੇ}{ਤ}",
  "26. ਸੰਕਟ": "{ਸੰ}{ਕ}{ਟ}",
  "27. ਸੰਕਲਪ": "{ਸੰ}{ਕ}{ਲ}{ਪ}",
  "28. ਸੰਪਰਕ": "{ਸੰ}{ਪ}{ਰ}{ਕ}",
  "29. ਸੰਚਾਰ": "{ਸੰ}{ਚਾ}{ਰ}",
  "30. ਕੰਨ": "{ਕੰ}{ਨ}",
  "31. ਕੰਧ": "{ਕੰ}{ਧ}",
  "32. ਕੰਵਲ": "{ਕੰ}{ਵ}{ਲ}",
  "33. ਕੰਜਰ": "{ਕੰ}{ਜ}{ਰ}",
  "34. ਕੰਘਾ": "{ਕੰ}{ਘਾ}",
  "35. ਕੰਦ": "{ਕੰ}{ਦ}",
  "36. ਖੰਡ": "{ਖੰ}{ਡ}",
  "37. ਗੰਡ": "{ਗੰ}{ਡ}",
  "38. ਡੰਗ": "{ਡੰ}{ਗ}",
  "39. ਠੰਢ": "{ਠੰ}{ਢ}",
  "40. ਠੰਡੀ": "{ਠੰ}{ਡੀ}",
  "41. ਝੰਡਾ": "{ਝੰ}{ਡਾ}",
  "42. ਡੰਕ": "{ਡੰ}{ਕ}",
  "43. ਤੰਗ": "{ਤੰ}{ਗ}",
  "44. ਤੰਬੂ": "{ਤੰ}{ਬੂ}",
  "45. ਧੰਧਾ": "{ਧੰ}{ਧਾ}",
  "46. ਭੰਗ": "{ਭੰ}{ਗ}",
  "47. ਭੰਡਾਰ": "{ਭੰ}{ਡਾ}{ਰ}",
  "48. ਬੰਦ": "{ਬੰ}{ਦ}",
  "49. ਬੰਧਨ": "{ਬੰ}{ਧ}{ਨ}",
  "50. ਬੰਦਾ": "{ਬੰ}{ਦਾ}",
  "51. ਬੰਸਰੀ": "{ਬੰ}{ਸ}{ਰੀ}",
  "52. ਪੈਂਡਾ": "{ਪੈਂ}{ਡਾ}",
  "53. ਪੈਂਦਾ": "{ਪੈਂ}{ਦਾ}",
  "54. ਪੂੰਜੀ": "{ਪੂੰ}{ਜੀ}",
  "55. ਤੂੰ": "{ਤੂੰ}",
  "56. ਸੂੰਘ": "{ਸੂੰ}{ਘ}",
  "57. ਲੂੰਬੜ": "{ਲੂੰ}{ਬ}{ੜ}",
  "58. ਠੂੰਠ": "{ਠੂੰ}{ਠ}",
  "59. ਮੂੰਹ": "{ਮੂੰ}{ਹ}",
  "60. ਚੂੰਘਾ": "{ਚੂੰ}{ਘਾ}",
  "61. ਕੂੰਜ": "{ਕੂੰ}{ਜ}",
  "62. ਹੂੰਕਾਰ": "{ਹੂੰ}{ਕਾ}{ਰ}",
  "63. ਰੋਂਦਾ": "{ਰੋਂ}{ਦਾ}",
  "64. ਸੋਂਧਾ": "{ਸੋਂ}{ਧਾ}",
  "65. ਲੌਂਗ": "{ਲੌਂ}{ਗ}",
  "66. ਔਂਘ": "{ਔਂ}{ਘ}",
  "67. ਕੌਂਸਲ": "{ਕੌਂ}{ਸ}{ਲ}",
  "68. ਮੌਂਸੂਨ": "{ਮੌਂ}{ਸੂ}{ਨ}",
  "69. ਹੇਠਾਂ": "{ਹੇ}{ਠਾਂ}",
  "70. ਮੇਘਾਂ": "{ਮੇ}{ਘਾਂ}",
  "71. ਵੇਂਹ": "{ਵੇਂ}{ਹ}",
  "72. ਲੈਂਪ": "{ਲੈਂ}{ਪ}",
  "73. ਟੈਂਕ": "{ਟੈਂ}{ਕ}",
  "74. ਬੈਂਡ": "{ਬੈਂ}{ਡ}",
  "75. ਸੈਂਟਰ": "{ਸੈਂ}{ਟਰ}",
  "76. ਪੇਂਗਾ": "{ਪੇਂ}{ਗਾ}",
  "77. ਸੇਂਕਣਾ": "{ਸੇਂ}{ਕ}{ਣਾ}",
  "78. ਸੈਂਕੜੇ": "{ਸੈਂ}{ਕ}{ੜੇ}",
  "79. ਗੈਂਹੂੰ": "{ਗੈਂ}{ਹੂੰ}",
  "80. ਚੀਂਟੀ": "{ਚੀਂ}{ਟੀ}",
  "81. ਮੀਂਹ": "{ਮੀਂ}{ਹ}",
  "82. ਅੰਕੜੇ": "{ਅੰ}{ਕ}{ੜੇ}",
  "83. ਅੰਗਨ": "{ਅੰ}{ਗ}{ਨ}",
  "84. ਸੰਭਵ": "{ਸੰ}{ਭ}{ਵ}",
  "85. ਸੰਭਾਲ": "{ਸੰ}{ਭਾ}{ਲ}",
  "86. ਸੰਪਦਾ": "{ਸੰ}{ਪ}{ਦਾ}",
  "87. ਸੰਪੂਰਨ": "{ਸੰ}{ਪੂ}{ਰ}{ਨ}",
  "88. ਸੰਚਿਤ": "{ਸੰ}{ਚਿ}{ਤ}",
  "89. ਸੰਦੇਹ": "{ਸੰ}{ਦੇ}{ਹ}",
  "90. ਸੰਕਲਨ": "{ਸੰ}{ਕ}{ਲ}{ਨ}",
  "91. ਸੰਤੋਖ": "{ਸੰ}{ਤੋ}{ਖ}",
  "92. ਕੰਪਾਸ": "{ਕੰ}{ਪਾ}{ਸ}",
  "93. ਪੰਜ": "{ਪੰ}{ਜ}",
  "94. ਪੰਚ": "{ਪੰ}{ਚ}",
  "95. ਗੁੰਮ": "{ਗੁੰ}{ਮ}",
  "96. ਫੁੰਕਾਰ": "{ਫੁੰ}{ਕਾ}{ਰ}",
  "97. ਦਿੰਦਾ": "{ਦਿੰ}{ਦਾ}",
  "98. ਸਿੰਜਣਾ": "{ਸਿੰ}{ਜ}{ਣਾ}",
  "99. ਮੰਦਿਰ": "{ਮੰ}{ਦਿ}{ਰ}",
  "ਪ੍ਰਚੱਲਤ: {ਪ੍ਰ}{ਚੱਲ}{ਤ}": "{ਪ੍ਰ}{ਚੱ}{ਲ}{ਤ}",
  "01. ਸ਼ਬਦ": "{ਸ਼}{ਬ}{ਦ}",
  "02. ਸ਼ਹਿਰ": "{ਸ਼}{ਹਿ}{ਰ}",
  "03. ਸ਼ਿਕਾਰ": "{ਸ਼ਿ}{ਕਾ}{ਰ}",
  "04. ਸ਼ੀਸ਼ਾ": "{ਸ਼ੀ}{ਸ਼ਾ}",
  "05. ਸ਼ੁਰੂ": "{ਸ਼ੁ}{ਰੂ}",
  "06. ਸ਼ੌਕ": "{ਸ਼ੌ}{ਕ}",
  "07. ਸ਼ੋਭਾ": "{ਸ਼ੋ}{ਭਾ}",
  "08. ਸ਼ੇਰ": "{ਸ਼ੇ}{ਰ}",
  "09. ਸ਼ੈਲੀ": "{ਸ਼ੈ}{ਲੀ}",
  "10. ਸ਼ਰਬਤ": "{ਸ਼}{ਰ}{ਬ}{ਤ}",
  "11. ਸ਼ੱਕਰ": "{ਸ਼ੱ}{ਕ}{ਰ}",
  "12. ਸ਼ਿੱਖਾ": "{ਸ਼ਿੱ}{ਖਾ}",
  "13. ਸ਼ਿਕਸ਼ਾ": "{ਸ਼ਿ}{ਕ}{ਸ਼ਾ}",
  "14. ਸ਼ੁੱਧ": "{ਸ਼ੁੱ}{ਧ}",
  "15. ਸ਼੍ਰੀ": "{ਸ਼੍ਰੀ}",
  "16. ਸ਼੍ਰੇਣੀ": "{ਸ਼੍ਰੇ}{ਣੀ}",
  "17. ਸ਼੍ਰਮ": "{ਸ਼੍ਰ}{ਮ}",
  "18. ਸ਼੍ਰਵਣ": "{ਸ਼੍ਰ}{ਵ}{ਣ}",
  "19. ਸ਼੍ਰਿੰਗਾਰ": "{ਸ਼੍ਰਿੰ}{ਗਾ}{ਰ}",
  "20. ਸ਼ਾਂਤ": "{ਸ਼ਾਂ}{ਤ}",
  "21. ਸ਼ੰਕਾ": "{ਸ਼ੰ}{ਕਾ}",
  "22. ਸ਼ਰਣ": "{ਸ਼}{ਰ}{ਣ}",
  "23. ਸ਼ੋਰਗੁਲ": "{ਸ਼ੋ}{ਰ}{ਗੁ}{ਲ}",
  "24. ਸ਼ਿਗਫ਼ਤ": "{ਸ਼ਿ}{ਗ}{ਫ਼}{ਤ}",
  "25. ਖ਼ਬਰ": "{ਖ਼}{ਬ}{ਰ}",
  "26. ਖ਼ਬਰਦਾਰ": "{ਖ਼}{ਬਰ}{ਦਾ}{ਰ}",
  "27. ਖ਼ਤਰਾ": "{ਖ਼}{ਤ}{ਰਾ}",
  "28. ਖ਼ੁਦਾ": "{ਖ਼ੁ}{ਦਾ}",
  "29. ਖ਼ੁਸ਼ੀ": "{ਖ਼ੁ}{ਸ਼ੀ}",
  "30. ਖ਼ੂਨ": "{ਖ਼ੂ}{ਨ}",
  "31. ਖ਼ੈਰ": "{ਖ਼ੈ}{ਰ}",
  "32. ਖ਼ਾਨਾ": "{ਖ਼ਾ}{ਨਾ}",
  "33. ਖ਼ਾਕਾ": "{ਖ਼ਾ}{ਕਾ}",
  "34. ਖ਼ੈਰਾਤ": "{ਖ਼ੈ}{ਰਾ}{ਤ}",
  "35. ਖ਼ੌਫ਼": "{ਖ਼ੌ}{ਫ਼}",
  "36. ਖ਼ੋਜ": "{ਖ਼ੋ}{ਜ}",
  "37. ਖ਼ਾਮੋਸ਼ੀ": "{ਖ਼ਾ}{ਮੋ}{ਸ਼ੀ}",
  "38. ਖ਼ਾਰਜ": "{ਖ਼ਾ}{ਰ}{ਜ}",
  "39. ਖ਼ਾਸ": "{ਖ਼ਾ}{ਸ}",
  "40. ਗ਼ਰੀਬ": "{ਗ਼}{ਰੀ}{ਬ}",
  "41. ਗ਼ਲਤੀ": "{ਗ਼}{ਲਾ}{ਤੀ}",
  "42. ਗ਼ैर": "{ਗ਼ੈ}{ਰ}",
  "43. ਗ਼ੌਰ": "{ਗ਼ੌ}{ਰ}",
  "44. ਗ਼ਮ": "{ਗ਼}{ਮ}",
  "45. ਗ਼ਜ਼ਲ": "{ਗ਼}{ਜ਼}{ਲ}",
  "46. ਗ਼ੁਲਾਮ": "{ਗ਼ੁ}{ਲਾ}{ਮ}",
  "47. ਗ਼ੁੱਸਾ": "{ਗ਼ੁੱ}{ਸਾ}",
  "48. ਗ਼ੋਤਾ": "{ਗ਼ੋ}{ਤਾ}",
  "49. ਗ਼ਾਇਬ": "{ਗ਼ਾ}{ਇ}{ਬ}",
  "50. ਜ਼ਮੀਨ": "{ਜ਼}{ਮੀ}{ਨ}",
  "51. ਜ਼ਹਿਰ": "{ਜ਼}{ਹਿ}{ਰ}",
  "52. ਜ਼ੋਰ": "{ਜ਼ੋ}{ਰ}",
  "53. ਜ਼ਿਆਦਾ": "{ਜ਼ਿ}{ਆ}{ਦਾ}",
  "54. ਜ਼ਿੰਦਗੀ": "{ਜ਼ਿ}{ਨ}{ਦ}{ਗੀ}",
  "55. ਜ਼ਿਕਰ": "{ਜ਼ਿ}{ਕ}{ਰ}",
  "56. ਜ਼ਿਲਾ": "{ਜ਼ਿ}{ਲਾ}",
  "57. ਜ਼ੀਰੋ": "{ਜ਼ੀ}{ਰੋ}",
  "58. ਜ਼ੇਬਰ": "{ਜ਼ੇ}{ਬ}{ਰ}",
  "59. ਜ਼ੈਤੂਨ": "{ਜ਼ੈ}{ਤੂ}{ਨ}",
  "60. ਜ਼ੌਰ": "{ਜ਼ੌ}{ਰ}",
  "61. ਫ਼ਿਕਰ": "{ਫ਼ਿ}{ਕ}{ਰ}",
  "62. ਫ਼ਕੀਰ": "{ਫ਼}{ਕੀ}{ਰ}",
  "63. ਫ਼ਰਕ": "{ਫ਼}{ਰ}{ਕ}",
  "64. ਫ਼ੌਜ": "{ਫ਼ੌ}{ਜ}",
  "65. ਫ਼ਾਇਦਾ": "{ਫ਼ਾ}{ਇ}{ਦਾ}",
  "66. ਫ਼ਰਿਆਦ": "{ਫ਼}{ਰਿ}{ਆ}{ਦ}",
  "67. ਫ਼ਤੇਹ": "{ਫ਼}{ਤੇ}{ਹ}",
  "68. ਫ਼ਰੋਖ਼ਤ": "{ਫ਼}{ਰੋ}{ਖ਼}{ਤ}",
  "69. ਫ਼ੁਲ": "{ਫ਼ੁ}{ਲ}",
  "70. ਫ਼ੂਲ": "{ਫ਼ੂ}{ਲ}",
  "71. ਕ਼ਾਨੂੰਨ": "{ਕ਼ਾ}{ਨੂ}{ਨ}",
  "72. ਕ਼ਦਰ": "{ਕ਼}{ਦ}{ਰ}",
  "73. ਕ਼ਿਸਮਤ": "{ਕ਼ਿ}{ਸ}{ਮ}{ਤ}",
  "74. ਕ਼ੀਮਤ": "{ਕ਼ੀ}{ਮ}{ਤ}",
  "75. ਕ਼ਰਜ਼": "{ਕ਼}{ਰ}{ਜ਼}",
  "76. ਕ਼ਾਇਮ": "{ਕ਼ਾ}{ਇ}{ਮ}",
  "77. ਕ਼ਸੂਰ": "{ਕ਼}{ਸੂ}{ਰ}",
  "78. ਕ਼ਬਜ਼ਾ": "{ਕ਼}{ਬ}{ਜ਼ਾ}",
  "79. ਕ਼ਬੀਲਾ": "{ਕ਼}{ਬੀ}{ਲਾ}",
  "80. ਕ਼ੌਮੀ": "{ਕ਼ੌ}{ਮੀ}",
  "81. ਸ਼੍ਰੇਯ": "{ਸ਼੍ਰੇ}{ਯ}",
  "82. ਸ਼੍ਰਵਣ": "{ਸ਼੍ਰ}{ਵ}{ਣ}",
  "83. ਸ਼੍ਰਧਾ": "{ਸ਼੍ਰ}{ਧਾ}",
  "84. ਸ਼੍ਰੇਸ਼ਠ": "{ਸ਼੍ਰੇ}{ਸ਼}{ਠ}",
  "85. ਸ਼੍ਰਿੰਗਾਰ": "{ਸ਼੍ਰਿੰ}{ਗਾ}{ਰ}",
  "86. ਗ੍ਰਜ਼ਨਾ": "{ਗ੍ਰ}{ਜ਼}{ਨਾ}",
  "87. ਜ਼ਿੱਦ": "{ਜ਼ਿੱ}{ਦ}",
  "88. ਸ਼ੱਬਾਸ਼": "{ਸ਼ੱ}{ਬਾ}{ਸ਼}",
  "89. ਖ਼ੱਬਾ": "{ਖ਼ੱ}{ਬਾ}",
  "90. ਫ਼ੱਕੜ": "{ਫ਼ੱ}{ਕ}{ੜ}",
  "91. ਗ਼ੱਲਾ": "{ਗ਼ੱ}{ਲਾ}",
  "92. ਕ਼ੱਲਮ": "{ਕ਼ੱ}{ਲ}{ਮ}",
  "93. ਜ਼ੇਂਦਾ": "{ਜ਼ੇਂ}{ਦਾ}",
  "94. ਫ਼ੈਂਸਲਾ": "{ਫ਼ੈਂ}{ਸ}{ਲਾ}",
  "95. ਖ਼ੂੰਖ਼ਾਰ": "{ਖ਼ੂੰ}{ਖ਼ਾ}{ਰ}",
  "96. ਗ਼ੈਂਡਾ": "{ਗ਼ੈਂ}{ਡਾ}",
  "97. ਸ਼ੀਂਘ": "{ਸ਼ੀਂ}{ਘ}",
  "98. ਕ਼ੂੰਜ": "{ਕ਼ੂੰ}{ਜ}",
  "99. ਸ਼ੋਅ": "{ਸ਼ੋ}{ਅ}",
  "100. ਸ਼ੈਖ਼": "{ਸ਼ੈ}{ਖ਼}",
  "01. ਸ਼੍ਰੰਖਲਾ": "{ਸ਼੍ਰੰ}{ਖ}{ਲਾ}",
  "02. ਪ੍ਰਸ਼ੰਸਾ": "{ਪ੍ਰ}{ਸ਼ੰ}{ਸਾ}",
  "03. ਗ੍ਰੰਥਕ": "{ਗ੍ਰੰ}{ਥ}{ਕ}",
  "04. ਪ੍ਰਜ਼ੈਂਟ": "{ਪ੍ਰ}{ਜ਼ੈਂ}{ਟ}",
  "05. ਕ਼ੌਂਸਲ": "{ਕ਼ੌਂ}{ਸ}{ਲ}",
  "06. ਫ਼ੈਂਕਣਾ": "{ਫ਼ੈਂ}{ਕ}{ਣਾ}",
  "07. ਖ਼ੁਸ਼ਬੂ": "{ਖ਼ੁ}{ਸ਼}{ਬੂ}",
  "08. ਜ਼ਿੰਮੇਵਾਰੀ": "{ਜ਼ਿੰ}{ਮੇ}{ਵਾ}{ਰੀ}",
  "09. ਸ਼ਿੱਖਿਆ": "{ਸ਼ਿ}{ੱਖਿ}{ਆ}",
  "10. ਸ੍ਰੀਮਤੀ": "{ਸ੍ਰੀ}{ਮ}{ਤੀ}",
  "11. ਤ੍ਰੈਂਡ": "{ਤ੍ਰੈਂ}{ਡ}",
  "12. ਧ੍ਰੁਵਤਾਰਾ": "{ਧ੍ਰੁ}{ਵ}{ਤਾ}{ਰਾ}",
  "13. ਗ੍ਰਾਊਂਡ": "{ਗ੍ਰਾ}{ਊਂ}{ਡ}",
  "14. ਕ੍ਰਾਂਤਿਕਾਰੀ": "{ਕ੍ਰਾਂ}{ਤਿ}{ਕਾ}{ਰੀ}",
  "15. ਪ੍ਰਸ਼ਿਕਸ਼ਣ": "{ਪ੍ਰ}{ਸ਼ਿ}{ਕ}{ਸ਼ਣ}",
  "16. ਵ੍ਰਿੱਤਾਂਤ": "{ਵ੍ਰਿ}{ੱਤਾਂ}{ਤ}",
  "17. ਭ੍ਰਮਾਂਤ": "{ਭ੍ਰ}{ਮਾਂ}{ਤ}",
  "18. ਸ਼ੌਂਕ": "{ਸ਼ੌਂ}{ਕ}",
  "19. ਖ਼ਾਮੋਸ਼ੀ": "{ਖ਼ਾ}{ਮੋ}{ਸ਼ੀ}",
  "20. ਗ਼ੈਰਹਾਜ਼ਰੀ": "{ਗ਼ੈ}{ਰ}{ਹਾ}{ਜ਼}{ਰੀ}",
  "21. ਸ਼੍ਰੇਸ਼ਠਤਾ": "{ਸ਼੍ਰੇ}{ਸ਼}{ਠ}{ਤਾ}",
  "22. ਪ੍ਰਸਿੱਧੀ": "{ਪ੍ਰ}{ਸਿੱ}{ਧੀ}",
  "23. ਕ੍ਰਿਯਾਤਮਕ": "{ਕ੍ਰਿ}{ਯਾ}{ਤ}{ਮ}{ਕ}",
  "24. ਤ੍ਰਿਣਕਾਟ": "{ਤ੍ਰਿ}{ਣ}{ਕਾ}{ਟ}",
  "25. ਸ੍ਰਵਣੀ": "{ਸ੍ਰ}{ਵ}{ਣੀ}",
  "26. ਭ੍ਰਾਂਤਿ": "{ਭ੍ਰਾਂ}{ਤਿ}",
  "27. ਫ਼ੱਕੜਪਣ": "{ਫ਼ੱ}{ਕ}{ੜ}{ਪ}{ਣ}",
  "28. ਜ਼ੈਂਡਰ": "{ਜ਼ੈਂ}{ਡ}{ਰ}",
  "29. ਖ਼ਜ਼ਾਨਾ": "{ਖ਼}{ਜ਼ਾ}{ਨਾ}",
  "30. ਕ਼ਿਸ਼ਤੀ": "{ਕ਼ਿ}{ਸ਼}{ਤੀ}",
  "31. ਸ਼ੁੱਧੀਕਰਨ": "{ਸ਼ੁੱ}{ਧੀ}{ਕ}{ਰ}{ਨ}",
  "32. ਪ੍ਰਸ਼ਨ": "{ਪ੍ਰ}{ਸ਼}{ਨ}",
  "33. ਗ੍ਰਹਿਣਾਂ": "{ਗ੍ਰ}{ਹਿ}{ਣਾਂ}",
  "34. ਤ੍ਰਿਕੋਣਾਂ": "{ਤ੍ਰਿ}{ਕੋ}{ਣਾਂ}",
  "35. ਸ੍ਰੀਸ਼ਟੀ": "{ਸ੍ਰੀ}{ਸ਼}{ਟੀ}",
  "36. ਧ੍ਰੌਵੀਂ": "{ਧ੍ਰੌ}{ਵੀਂ}",
  "37. ਸ਼੍ਰੈਣੀਆਂ": "{ਸ਼੍ਰੈ}{ਣੀ}{ਆਂ}",
  "38. ਫ਼ੌਂਟ": "{ਫ਼ੌਂ}{ਟ}",
  "39. ਕ਼ਾਮਯਾਬੀ": "{ਕ਼ਾ}{ਮ}{ਯਾ}{ਬੀ}",
  "40. ਗ਼ੁੱਸੇ": "{ਗ਼ੁੱ}{ਸੇ}",
  "41. ਪ੍ਰਸ਼ਾਸਨ": "{ਪ੍ਰ}{ਸ਼ਾ}{ਸ}{ਨ}",
  "42. ਸ੍ਰੋਤਾਂ": "{ਸ੍ਰੋ}{ਤਾਂ}",
  "43. ਭ੍ਰੂਣੀ": "{ਭ੍ਰੂ}{ਣੀ}",
  "44. ਸ਼੍ਰੁਤੀ": "{ਸ਼੍ਰੁ}{ਤੀ}",
  "45. ਕ੍ਰਿਸ਼ਨ": "{ਕ੍ਰਿ}{ਸ਼}{ਨ}",
  "46. ਤ੍ਰਿਸ਼ਨਾ": "{ਤ੍ਰਿ}{ਸ਼}{ਨਾ}",
  "47. ਪ੍ਰਸ਼ਸਤ": "{ਪ੍ਰ}{ਸ਼}{ਸ}{ਤ}",
  "48. ਜ਼ੀਂਦਗੀ": "{ਜ਼ੀਂ}{ਦ}{ਗੀ}",
  "49. ਖ਼ੁਦਕੁਸ਼ੀ": "{ਖ਼ੁ}{ਦ}{ਕੁ}{ਸ਼ੀ}",
  "50. ਗ੍ਰਿਫ਼ਤਾਰ": "{ਗ੍ਰਿ}{ਫ਼}{ਤਾ}{ਰ}",
  "51. ਸ਼੍ਰੇਯੰਸ਼": "{ਸ਼੍ਰੇ}{ਯੰ}{ਸ਼}",
  "52. ਕ੍ਰਿਪਾਂਸ਼": "{ਕ੍ਰਿ}{ਪਾਂ}{ਸ਼}",
  "53. ਵ੍ਰਿਸ਼ਚਿਕ": "{ਵ੍ਰਿ}{ਸ਼}{ਚਿ}{ਕ}",
  "54. ਧ੍ਰੀੜਤਾ": "{ਧ੍ਰੀ}{ੜ}{ਤਾ}",
  "55. ਭ੍ਰਾਂਤੀਆਂ": "{ਭ੍ਰਾਂ}{ਤੀ}{ਆਂ}",
  "56. ਪ੍ਰਸ਼ਿੱਛਣ": "{ਪ੍ਰ}{ਸ਼ਿ}{ੱਛ}{ਣ}",
  "57. ਗ੍ਰੇਜ਼ਿੰਗ": "{ਗ੍ਰੇ}{ਜ਼ਿੰ}{ਗ}",
  "58. ਕ੍ਰਾਉਂਨ": "{ਕ੍ਰਾ}{ਊਂ}{ਨ}",
  "59. ਤ੍ਰੌਂਫ਼ੀ": "{ਤ੍ਰੌਂ}{ਫ਼ੀ}",
  "60. ਸ੍ਰੀਮਾਨ": "{ਸ੍ਰੀ}{ਮਾ}{ਨ}",
  "61. ਸ਼੍ਰੇਡਰ": "{ਸ਼੍ਰੇ}{ਡ}{ਰ}",
  "62. ਪ੍ਰਸ਼ਾਸ਼ਕੀ": "{ਪ੍ਰ}{ਸ਼ਾ}{ਸ਼}{ਕੀ}",
  "63. ਗ੍ਰੇਟਿੰਗ": "{ਗ੍ਰੇ}{ਟਿੰ}{ਗ}",
  "64. ਫ਼ੈਜ਼ਾਬਾਦ": "{ਫ਼ੈ}{ਜ਼ਾ}{ਬਾ}{ਦ}",
  "65. ਕ਼ੈਦਖਾਨਾ": "{ਕ਼ੈ}{ਦ}{ਖਾ}{ਨਾ}",
  "66. ਗ਼ੈਰਕਾਨੂੰਨੀ": "{ਗ਼ੈ}{ਰ}{ਕ਼ਾ}{ਨੂ}{ਨੀ}",
  "67. ਸ਼੍ਰੇਣੀਕਰਨ": "{ਸ਼੍ਰੇ}{ਣੀ}{ਕ}{ਰ}{ਨ}",
  "68. ਪ੍ਰਸ਼ੰਸਨੀਯ": "{ਪ੍ਰ}{ਸ਼ੰ}{ਸ}{ਨੀ}{ਯ}",
  "69. ਕ੍ਰਿਸ਼ਕ": "{ਕ੍ਰਿ}{ਸ਼}{ਕ}",
  "70. ਭ੍ਰਾਤ੍ਰੀ": "{ਭ੍ਰਾ}{ਤ੍ਰੀ}",
  "71. ਧ੍ਰੁਵੀਂ": "{ਧ੍ਰੁ}{ਵੀਂ}",
  "72. ਸ੍ਰੀਹਸਤਾਖ਼ਰ": "{ਸ੍ਰੀ}{ਹ}{ਸ}{ਤਾ}{ਖ਼}{ਰ}",
  "73. ਖ਼ਰਚੀਂ": "{ਖ਼}{ਰ}{ਚੀਂ}",
  "74. ਗ਼ੁਲਾਮਾਂ": "{ਗ਼ੁ}{ਲਾ}{ਮਾਂ}",
  "75. ਸ਼ੁੱਧਿਕਰਨ": "{ਸ਼ੁੱ}{ਧਿ}{ਕ}{ਰ}{ਨ}",
  "76. ਪ੍ਰਸ਼ਾਸਨਿਕ": "{ਪ੍ਰ}{ਸ਼ਾ}{ਸ}{ਨਿ}{ਕ}",
  "77. ਕ੍ਰਿਸ਼ੀ": "{ਕ੍ਰਿ}{ਸ਼ੀ}",
  "78. ਵ੍ਰਿਦਧੀ": "{ਵ੍ਰਿ}{ਦ}{ਧੀ}",
  "79. ਤ੍ਰਿਪਤਿ": "{ਤ੍ਰਿ}{ਪ}{ਤਿ}",
  "80. ਸ੍ਰਵਣ": "{ਸ੍ਰ}{ਵ}{ਣ}",
  "81. ਭ੍ਰਮਾਤਮਕ": "{ਭ੍ਰ}{ਮਾ}{ਤ}{ਮ}{ਕ}",
  "82. ਧ੍ਰੋਹ": "{ਧ੍ਰੋ}{ਹ}",
  "83. ਗ੍ਰੈਵਿਟੀ": "{ਗ੍ਰੈ}{ਵਿ}{ਟੀ}",
  "84. ਕ੍ਰਿਪਟੋ": "{ਕ੍ਰਿ}{ਪ}{ਟੋ}",
  "85. ਪ੍ਰਸ਼ਨਾਵਲੀ": "{ਪ੍ਰ}{ਸ਼}{ਨਾ}{ਵ}{ਲੀ}",
  "86. ਸ਼੍ਰੁੰਗਾਰ": "{ਸ਼੍ਰੁੰ}{ਗਾ}{ਰ}",
  "87. ਕ਼ੌਂਟੀ": "{ਕ਼ੌਂ}{ਟੀ}",
  "88. ਫ਼ੌਜਦਾਰੀ": "{ਫ਼ੌ}{ਜ}{ਦਾ}{ਰੀ}",
  "89. ਗ਼ਲਤੀਆਂ": "{ਗ਼}{ਲ}{ਤੀ}{ਆਂ}",
  "90. ਖ਼ੁਸ਼ਨੁਮਾ": "{ਖ਼ੁ}{ਸ਼}{ਨੁ}{ਮਾ}",
  "91. ਜ਼ੈਵਿਕ": "{ਜ਼ੈ}{ਵਿ}{ਕ}",
  "92. ਕ੍ਰਿਸ਼ਨਾ": "{ਕ੍ਰਿ}{ਸ਼}{ਨਾ}",
  "93. ਤ੍ਰਿਭੁਜਾਂ": "{ਤ੍ਰਿ}{ਭੁ}{ਜਾਂ}",
  "94. ਸ੍ਰੀਮਤੀਜੀ": "{ਸ੍ਰੀ}{ਮ}{ਤੀ}{ਜੀ}",
  "95. ਭ੍ਰਮਕ": "{ਭ੍ਰ}{ਮ}{ਕ}",
  "96. ਧ੍ਰੁਵਤਾ": "{ਧ੍ਰੁ}{ਵ}{ਤਾ}",
  "97. ਗ੍ਰਨਥ": "{ਗ੍ਰ}{ਨ}{ਥ}",
  "98. ਪ੍ਰਸ਼ਿਕਸ਼ਿਕ": "{ਪ੍ਰ}{ਸ਼ਿ}{ਕ}{ਸ਼ਿ}{ਕ}",
  "99. ਸ਼੍ਰੀਮਤੀ": "{ਸ੍ਰੀ}{ਮ}{ਤੀ}",
  "100. ਪ੍ਰਸ਼ਸਤਿ": "{ਪ੍ਰ}{ਸ਼}{ਸ}{ਤਿ}",
  "24. ਸ਼ਾਇਦ": "{ਸ਼ਾ}{ਇ}{ਦ}",
  "25. ਸ਼ਾਮਿਲ": "{ਸ਼ਾ}{ਮਿ}{ਲ}",
  "26. ਖ਼ਬਰ": "{ਖ਼}{ਬ}{ਰ}",
  "27. ਖ਼ਬਰਦਾਰ": "{ਖ਼}{ਬ}{ਰ}{ਦਾ}{ਰ}",
  "28. ਖ਼ਤਰਾ": "{ਖ਼}{ਤ}{ਰਾ}",
  "29. ਖ਼ੁਦਾ": "{ਖ਼ੁ}{ਦਾ}",
  "30. ਖ਼ੁਸ਼ੀ": "{ਖ਼ੁ}{ਸ਼ੀ}",
  "31. ਖ਼ੂਨ": "{ਖ਼ੂ}{ਨ}",
  "32. ਖ਼ੈਰ": "{ਖ਼ੈ}{ਰ}",
  "33. ਖ਼ਾਨਾ": "{ਖ਼ਾ}{ਨਾ}",
  "34. ਖ਼ਾਕਾ": "{ਖ਼ਾ}{ਕਾ}",
  "38. ਖ਼ਾਸ": "{ਖ਼ਾ}{ਸ}",
  "39. ਖ਼ਰਚਾ": "{ਖ਼}{ਰ}{ਚਾ}",
  "40. ਖ਼ਰੀਦ": "{ਖ਼}{ਰੀ}{ਦ}",
  "41. ਗ਼ਰੀਬ": "{ਗ਼}{ਰੀ}{ਬ}",
  "42. ਗ਼ਲਤੀ": "{ਗ਼}{ਲ}{ਤੀ}",
  "43. ਗ਼ਮ": "{ਗ਼}{ਮ}",
  "44. ਗ਼ੈਰ": "{ਗ਼ੈ}{ਰ}",
  "45. ਗ਼ੌਰ": "{ਗ਼ੌ}{ਰ}",
  "46. ਗ਼ਜ਼ਲ": "{ਗ਼}{ਜ਼}{ਲ}",
  "47. ਗ਼ੁਲਾਮ": "{ਗ਼ੁ}{ਲਾ}{ਮ}",
  "48. ਗ਼ੁੱਸਾ": "{ਗ਼ੁੱ}{ਸਾ}",
  "49. ਗ਼ੋਤਾ": "{ਗ਼ੋ}{ਤਾ}",
  "50. ਗ਼ਾਇਬ": "{ਗ਼ਾ}{ਇ}{ਬ}",
  "51. ਜ਼ਮੀਨ": "{ਜ਼}{ਮੀ}{ਨ}",
  "52. ਜ਼ਹਿਰ": "{ਜ਼}{ਹਿ}{ਰ}",
  "53. ਜ਼ੋਰ": "{ਜ਼ੋ}{ਰ}",
  "54. ਜ਼ਿਆਦਾ": "{ਜ਼ਿ}{ਆ}{ਦਾ}",
  "55. ਜ਼ਿੰਦਗੀ": "{ਜ਼ਿੰ}{ਦ}{ਗੀ}",
  "56. ਜ਼ਿਕਰ": "{ਜ਼ਿ}{ਕ}{ਰ}",
  "57. ਜ਼ਿਲਾ": "{ਜ਼ਿ}{ਲਾ}",
  "58. ਜ਼ੀਰੋ": "{ਜ਼ੀ}{ਰੋ}",
  "59. ਜ਼ੇਵਰ": "{ਜ਼ੇ}{ਵ}{ਰ}",
  "60. ਜ਼ੈਤੂਨ": "{ਜ਼ੈ}{ਤੂ}{ਨ}",
  "61. ਜ਼ੌਰ": "{ਜ਼ੌ}{ਰ}",
  "62. ਫ਼ਿਕਰ": "{ਫ਼ਿ}{ਕ}{ਰ}",
  "63. ਫ਼ਕੀਰ": "{ਫ਼}{ਕੀ}{ਰ}",
  "64. ਫ਼ਰਕ": "{ਫ਼}{ਰ}{ਕ}",
  "65. ਫ਼ੌਜ": "{ਫ਼ੌ}{ਜ}",
  "66. ਫ਼ਾਇਦਾ": "{ਫ਼ਾ}{ਇ}{ਦਾ}",
  "67. ਫ਼ਰਿਆਦ": "{ਫ਼}{ਰਿ}{ਆ}{ਦ}",
  "68. ਫ਼ਤੇਹ": "{ਫ਼}{ਤੇ}{ਹ}",
  "69. ਫ਼ਰਮਾਨ": "{ਫ਼}{ਰ}{ਮਾ}{ਨ}",
  "70. ਫ਼ੁਲ": "{ਫ਼ੁ}{ਲ}",
  "71. ਫ਼ੂਲ": "{ਫ਼ੂ}{ਲ}",
  "72. ਕ਼ਾਨੂੰਨ": "{ਕ਼ਾ}{ਨੂੰ}{ਨ}",
  "73. ਕ਼ਦਰ": "{ਕ਼}{ਦ}{ਰ}",
  "74. ਕ਼ਿਸਮਤ": "{ਕ਼ਿ}{ਸ}{ਮ}{ਤ}",
  "75. ਕ਼ੀਮਤ": "{ਕ਼ੀ}{ਮ}{ਤ}",
  "76. ਕ਼ਰਜ਼": "{ਕ਼}{ਰ}{ਜ਼}",
  "77. ਕ਼ਾਇਮ": "{ਕ਼ਾ}{ਇ}{ਮ}",
  "78. ਕ਼ਸੂਰ": "{ਕ਼}{ਸੂ}{ਰ}",
  "79. ਕ਼ਬਜ਼ਾ": "{ਕ਼}{ਬ}{ਜ਼ਾ}",
  "80. ਕ਼ਬੀਲਾ": "{ਕ਼}{ਬੀ}{ਲਾ}",
  "81. ਕ਼ੌਮੀ": "{ਕ਼ੌ}{ਮੀ}",
  "82. ਸ਼੍ਰੇਸ਼ਠ": "{ਸ਼੍ਰੇ}{ਸ਼}{ਠ}",
  "84. ਸ਼੍ਰੇਯ": "{ਸ਼੍ਰੇ}{ਯ}",
  "85. ਸ਼੍ਰਵਣ": "{ਸ਼੍ਰ}{ਵ}{ਣ}",
  "86. ਸ਼੍ਰੇਣੀਕਰਨ": "{ਸ਼੍ਰੇ}{ਣੀ}{ਕ}{ਰ}{ਨ}",
  "87. ਸ਼੍ਰੁਤੀ": "{ਸ਼੍ਰੁ}{ਤੀ}",
  "88. ਸ਼੍ਰਿੰਗਾਰ": "{ਸ਼੍ਰਿੰ}{ਗਾ}{ਰ}",
  "89. ਜ਼ਿੱਦ": "{ਜ਼ਿੱ}{ਦ}",
  "90. ਸ਼ੱਬਾਸ਼": "{ਸ਼ੱ}{ਬਾ}{ਸ਼}",
  "91. ਖ਼ੱਬਾ": "{ਖ਼ੱ}{ਬਾ}",
  "92. ਫ਼ੱਕੜ": "{ਫ਼ੱ}{ਕ}{ੜ}",
  "93. ਗ਼ੱਲਾ": "{ਗ਼ੱ}{ਲਾ}",
  "94. ਕ਼ੱਲਮ": "{ਕ਼ੱ}{ਲ}{ਮ}",
  "95. ਜ਼ੇਂਦਾ": "{ਜ਼ੇਂ}{ਦਾ}",
  "96. ਫ਼ੈਂਸਲਾ": "{ਫ਼ੈਂ}{ਸ}{ਲਾ}",
  "97. ਖ਼ੂੰਖ਼ਾਰ": "{ਖ਼ੂੰ}{ਖ਼ਾ}{ਰ}",
  "98. ਗ਼ੈਂਡਾ": "{ਗ਼ੈਂ}{ਡਾ}",
  "99. ਸ਼ੀਂਘ": "{ਸ਼ੀਂ}{ਘ}",
  "100. ਕ਼ੂੰਜ": "{ਕ਼ੂੰ}{ਜ}",
  "04. ਕ਼ੌਂਸਲ": "{ਕ਼ੌਂ}{ਸ}{ਲ}",
  "05. ਫ਼ੈਂਕਣਾ": "{ਫ਼ੈਂ}{ਕ}{ਣਾ}",
  "06. ਖ਼ੁਸ਼ਬੂ": "{ਖ਼ੁ}{ਸ਼}{ਬੂ}",
  "07. ਜ਼ਿੰਮੇਵਾਰੀ": "{ਜ਼ਿੰ}{ਮੇ}{ਵਾ}{ਰੀ}",
  "08. ਸ਼ਿੱਖਿਆ": "{ਸ਼ਿੱ}{ਖਿ}{ਆ}",
  "09. ਸ੍ਰੀਮਤੀ": "{ਸ੍ਰੀ}{ਮ}{ਤੀ}",
  "10. ਤ੍ਰੈਂਡ": "{ਤ੍ਰੈਂ}{ਡ}",
  "11. ਧ੍ਰੁਵਤਾਰਾ": "{ਧ੍ਰੁ}{ਵ}{ਤਾ}{ਰਾ}",
  "12. ਗ੍ਰਾਊਂਡ": "{ਗ੍ਰਾ}{ਊਂ}{ਡ}",
  "13. ਕ੍ਰਾਂਤਿਕਾਰੀ": "{ਕ੍ਰਾਂ}{ਤਿ}{ਕਾ}{ਰੀ}",
  "14. ਪ੍ਰਸ਼ਿਕਸ਼ਣ": "{ਪ੍ਰ}{ਸ਼ਿ}{ਕ}{ਸ਼}{ਣ}",
  "15. ਵ੍ਰਿੱਤਾਂਤ": "{ਵ੍ਰਿੱ}{ਤਾਂ}{ਤ}",
  "16. ਭ੍ਰਮਾਂਤ": "{ਭ੍ਰ}{ਮਾਂ}{ਤ}",
  "17. ਸ਼ੌਂਕ": "{ਸ਼ੌਂ}{ਕ}",
  "18. ਖ਼ਾਮੋਸ਼ੀ": "{ਖ਼ਾ}{ਮੋ}{ਸ਼ੀ}",
  "19. ਫ਼ੌਂਟ": "{ਫ਼ੌਂ}{ਟ}",
  "20. ਕ਼ਾਮਯਾਬੀ": "{ਕ਼ਾ}{ਮ}{ਯਾ}{ਬੀ}",
  "21. ਗ੍ਰਿਫ਼ਤਾਰ": "{ਗ੍ਰਿ}{ਫ਼}{ਤਾ}{ਰ}",
  "22. ਪ੍ਰਸ਼ਨ": "{ਪ੍ਰ}{ਸ਼}{ਨ}",
  "23. ਸ੍ਰੋਤਾਂ": "{ਸ੍ਰੋ}{ਤਾਂ}",
  "24. ਭ੍ਰੂਣੀ": "{ਭ੍ਰੂ}{ਣੀ}",
  "25. ਸ਼੍ਰੁਤੀ": "{ਸ਼੍ਰੁ}{ਤੀ}",
  "26. ਕ੍ਰਿਸ਼ਨ": "{ਕ੍ਰਿ}{ਸ਼}{ਨ}",
  "27. ਤ੍ਰਿਸ਼ਨਾ": "{ਤ੍ਰਿ}{ਸ਼}{ਨਾ}",
  "28. ਪ੍ਰਸ਼ਸਤ": "{ਪ੍ਰ}{ਸ਼}{ਸ}{ਤ}",
  "29. ਜ਼ੀਂਦਗੀ": "{ਜ਼ੀਂ}{ਦ}{ਗੀ}",
  "30. ਖ਼ੁਦਕੁਸ਼ੀ": "{ਖ਼ੁ}{ਦ}{ਕੁ}{ਸ਼ੀ}",
  "31. ਸ਼੍ਰੇਸ਼ਠਤਾ": "{ਸ਼੍ਰੇ}{ਸ਼}{ਠ}{ਤਾ}",
  "32. ਪ੍ਰਸਿੱਧੀ": "{ਪ੍ਰ}{ਸਿੱ}{ਧੀ}",
  "33. ਕ੍ਰਿਯਾਤਮਕ": "{ਕ੍ਰਿ}{ਯਾ}{ਤ}{ਮ}{ਕ}",
  "34. ਤ੍ਰਿਣਕਾਟ": "{ਤ੍ਰਿ}{ਣ}{ਕਾ}{ਟ}",
  "35. ਸ੍ਰਵਣੀ": "{ਸ੍ਰ}{ਵ}{ਣੀ}",
  "36. ਭ੍ਰਾਂਤਿ": "{ਭ੍ਰਾਂ}{ਤਿ}",
  "37. ਫ਼ੱਕੜਪਣ": "{ਫ਼ੱ}{ਕ}{ੜ}{ਪ}{ਣ}",
  "38. ਜ਼ੈਂਡਰ": "{ਜ਼ੈਂ}{ਡ}{ਰ}",
  "39. ਖ਼ਜ਼ਾਨਾ": "{ਖ਼}{ਜ਼ਾ}{ਨਾ}",
  "40. ਕ਼ਿਸ਼ਤੀ": "{ਕ਼ਿ}{ਸ਼}{ਤੀ}",
  "41. ਸ਼ੁੱਧੀਕਰਨ": "{ਸ਼ੁੱ}{ਧੀ}{ਕ}{ਰ}{ਨ}",
  "42. ਗ੍ਰਹਿਣਾਂ": "{ਗ੍ਰ}{ਹਿ}{ਣਾਂ}",
  "43. ਤ੍ਰਿਕੋਣਾਂ": "{ਤ੍ਰਿ}{ਕੋ}{ਣਾਂ}",
  "44. ਸ੍ਰੀਸ਼ਟੀ": "{ਸ੍ਰੀ}{ਸ਼}{ਟੀ}",
  "45. ਧ੍ਰੌਵੀਂ": "{ਧ੍ਰੌ}{ਵੀਂ}",
  "46. ਸ਼੍ਰੈਣੀਆਂ": "{ਸ਼੍ਰੈ}{ਣੀ}{ਆਂ}",
  "47. ਪ੍ਰਸ਼ਾਸਨ": "{ਪ੍ਰ}{ਸ਼ਾ}{ਸ}{ਨ}",
  "48. ਭ੍ਰਮਿਤ": "{ਭ੍ਰ}{ਮਿ}{ਤ}",
  "49. ਧ੍ਰੂਵਪਦ": "{ਧ੍ਰੂ}{ਵ}{ਪ}{ਦ}",
  "50. ਵ੍ਰਿਸ਼ਚਿਕ": "{ਵ੍ਰਿ}{ਸ਼}{ਚਿ}{ਕ}",
  "51. ਗ੍ਰੈਵਿਟੀ": "{ਗ੍ਰੈ}{ਵਿ}{ਟੀ}",
  "52. ਕ੍ਰਿਪਟੋ": "{ਕ੍ਰਿ}{ਪ}{ਟੋ}",
  "53. ਪ੍ਰਸ਼ਨਾਵਲੀ": "{ਪ੍ਰ}{ਸ਼}{ਨਾ}{ਵ}{ਲੀ}",
  "54. ਸ਼੍ਰੁੰਗਾਰ": "{ਸ਼੍ਰੁੰ}{ਗਾ}{ਰ}",
  "55. ਫ਼ੌਜਦਾਰੀ": "{ਫ਼ੌ}{ਜ}{ਦਾ}{ਰੀ}",
  "56. ਗ਼ਲਤੀਆਂ": "{ਗ਼}{ਲ}{ਤੀ}{ਆਂ}",
  "57. ਖ਼ੁਸ਼ਨੁਮਾ": "{ਖ਼ੁ}{ਸ਼}{ਨੁ}{ਮਾ}",
  "58. ਜ਼ੈਵਿਕ": "{ਜ਼ੈ}{ਵਿ}{ਕ}",
  "59. ਕ੍ਰਿਸ਼ਨਾ": "{ਕ੍ਰਿ}{ਸ਼}{ਨਾ}",
  "60. ਤ੍ਰਿਭੁਜਾਂ": "{ਤ੍ਰਿ}{ਭੁ}{ਜਾਂ}",
  "61. ਸ੍ਰੀਮਤੀਜੀ": "{ਸ੍ਰੀ}{ਮ}{ਤੀ}{ਜੀ}",
  "62. ਭ੍ਰਮਕ": "{ਭ੍ਰ}{ਮ}{ਕ}",
  "63. ਧ੍ਰੁਵਤਾ": "{ਧ੍ਰੁ}{ਵ}{ਤਾ}",
  "64. ਗ੍ਰਨਥ": "{ਗ੍ਰ}{ਨ}{ਥ}",
  "65. ਪ੍ਰਸ਼ਿਕਸ਼ਿਕ": "{ਪ੍ਰ}{ਸ਼ਿ}{ਕ}{ਸ਼ਿ}{ਕ}",
  "66. ਸ਼੍ਰੇਣੀਕਰਨ": "{ਸ਼੍ਰੇ}{ਣੀ}{ਕ}{ਰ}{ਨ}",
  "67. ਕ੍ਰਿਸ਼ੀ": "{ਕ੍ਰਿ}{ਸ਼ੀ}",
  "68. ਵ੍ਰਿਦਧੀ": "{ਵ੍ਰਿ}{ਦ}{ਧੀ}",
  "69. ਤ੍ਰਿਪਤਿ": "{ਤ੍ਰਿ}{ਪ}{ਤਿ}",
  "70. ਸ੍ਰਵਣ": "{ਸ੍ਰ}{ਵ}{ਣ}",
  "71. ਭ੍ਰਮਾਤਮਕ": "{ਭ੍ਰ}{ਮਾ}{ਤ}{ਮ}{ਕ}",
  "72. ਧ੍ਰੋਹ": "{ਧ੍ਰੋ}{ਹ}",
  "73. ਕ਼ੌਂਟੀ": "{ਕ਼ੌਂ}{ਟੀ}",
  "77. ਕ੍ਰਿਯਾਤਮਕਤਾ": "{ਕ੍ਰਿ}{ਯਾ}{ਤ}{ਮ}{ਕ}{ਤਾ}",
  "78. ਸ੍ਰੇਸ਼ਠ": "{ਸ੍ਰੇ}{ਸ਼}{ਠ}",
  "79. ਭ੍ਰਾਂਤੀਆਂ": "{ਭ੍ਰਾਂ}{ਤੀ}{ਆਂ}",
  "80. ਧ੍ਰੀੜਤਾ": "{ਧ੍ਰੀ}{ੜ}{ਤਾ}",
  "81. ਵ੍ਰਿਸ਼ਭ": "{ਵ੍ਰਿ}{ਸ਼}{ਭ}",
  "82. ਗ੍ਰਹਿਸਥ": "{ਗ੍ਰ}{ਹਿ}{ਸ}{ਥ}",
  "83. ਪ੍ਰਸ਼ਸਤਿ": "{ਪ੍ਰ}{ਸ਼}{ਸ}{ਤਿ}",
  "84. ਸ਼੍ਰੇਣੀ": "{ਸ਼੍ਰੇ}{ਣੀ}",
  "85. ਕ੍ਰਿਸ਼ਕ": "{ਕ੍ਰਿ}{ਸ਼}{ਕ}",
  "86. ਸ੍ਰੀਮਾਨ": "{ਸ੍ਰੀ}{ਮਾ}{ਨ}",
  "87. ਜ਼ੋਰਾਵਰ": "{ਜ਼ੋ}{ਰਾ}{ਵ}{ਰ}",
  "88. ਖ਼ੁਲਾਸਾ": "{ਖ਼ੁ}{ਲਾ}{ਸਾ}",
  "89. ਗ਼ੁਲਾਮੀ": "{ਗ਼ੁ}{ਲਾ}{ਮੀ}",
  "90. ਕ਼ਾਬਿਲ": "{ਕ਼ਾ}{ਬਿ}{ਲ}",
  "91. ਫ਼ਰਮਾਨ": "{ਫ਼}{ਰ}{ਮਾ}{ਨ}",
  "92. ਕ੍ਰਾਂਤਿਕਾਰੀਆਂ": "{ਕ੍ਰਾਂ}{ਤਿ}{ਕਾ}{ਰੀ}{ਆਂ}",
  "93. ਧ੍ਰੁਵਾ": "{ਧ੍ਰੁ}{ਵਾ}",
  "94. ਸ਼੍ਰੇਸ਼ਠਤਾ": "{ਸ਼੍ਰੇ}{ਸ਼}{ਠ}{ਤਾ}",
  "95. ਗ੍ਰੋਹ": "{ਗ੍ਰੋ}{ਹ}",
  "96. ਭ੍ਰਾਤਾ": "{ਭ੍ਰਾ}{ਤਾ}",
  "97. ਸ੍ਰੋਤ": "{ਸ੍ਰੋ}{ਤ}",
  "98. ਤ੍ਰਾਸ": "{ਤ੍ਰਾ}{ਸ}",
  "99. ਕ੍ਰਮ": "{ਕ੍ਰ}{ਮ}",
  "100. ਸ਼੍ਰਮ": "{ਸ਼੍ਰ}{ਮ}",
  "ਪ੍ਰਤਿਮਾ": "{ਪ੍ਰ}{ਤਿ}{ਮਾ}",
  "ਧ੍ਰੁਵੀਂਕਰਨ": "{ਧ੍ਰੁ}{ਵੀਂ}{ਕ}{ਰ}{ਨ}",
  "ਵ੍ਰਿੱਤੀ": "{ਵ੍ਰਿੱ}{ਤੀ}",
  "ਪ੍ਰਤੀਕ ਸ਼ੁਭਾਰੰਭ": "{ਪ੍ਰ}{ਤੀ}{ਕ}{ਸ਼ੁ}{ਭਾ}{ਰੰ}{ਭ}",
  "12-ਸਾਲਾਂ": "{1}{2}{-}{ਸਾ}{ਲਾਂ}",
  "5ਵਾਂ-ਚੈਪਟਰ": "{5}{ਵਾਂ}{-}{ਚੈ}{ਪ}{ਟ}{ਰ}",
  "੧੧-ਸਫ਼ੇ": "{੧}{੧}{-}{ਸ}{ਫ਼ੇ}",
  "ਘੜਿਆਂ-ਘਰਾਂ": "{ਘ}{ੜਿ}{ਆਂ}{-}{ਘ}{ਰਾਂ}",
  "ਪ੍ਰਸ਼ਸਤਾਂ": "{ਪ੍ਰ}{ਸ਼}{ਸ}{ਤਾਂ}",
  "ਕ੍ਰਮਾਂਕ": "{ਕ੍ਰ}{ਮਾਂ}{ਕ}",
  "ਜ਼ੇਵਰ ਗੵਾਤ": "{ਜ਼ੇ}{ਵ}{ਰ}{␠}{ਗੵਾ}{ਤ}",
  "“ਫ਼ਿਕਰ”-ਕੵਾਂ": "{“}{ਫ਼ਿ}{ਕ}{ਰ}{”}{-}{ਕੵਾਂ}",
  "‘ਗ਼ਾਇਬ’-ਟੈਸਟ": "{‘}{ਗ਼ਾ}{ਇ}{ਬ}{’}{-}{ਟੈ}{ਸ}{ਟ}",
  "ਫ਼ਰਿਆਦ-ਪੱਕੵੀ": "{ਫ਼}{ਰਿ}{ਆ}{ਦ}{-}{ਪੱ}{ਕੵੀ}",
  "ਗ਼ੋਤਾ  ਗੵਾਨ": "{ਗ਼ੋ}{ਤਾ}{␠}{ਗੵਾ}{ਨ}",
  "ਕ਼ਰਜ਼-ਨੱਕੵੀ": "{ਕ਼}{ਰ}{ਜ਼}{-}{ਨੱ}{ਕੵੀ}",
  "ਜ਼ਿੰਦਗੀ-ਦ੍ਰਿਸਟੵਿ": "{ਜ਼ਿੰ}{ਦ}{ਗੀ}{-}{ਦ੍ਰਿ}{ਸ}{ਟੵਿ}",
  "ਕ਼ਿਸਮਤ-ਪ੍ਰਕੵੀ": "{ਕ਼ਿ}{ਸ}{ਮ}{ਤ}{-}{ਪ੍ਰ}{ਕੵੀ}",
  "ਜ਼ੋਰ-ਧਰਮੵ": "{ਜ਼ੋ}{ਰ}{-}{ਧ}{ਰ}{ਮੵ}",
  "ਕ਼ਾਬਿਲ-ਦ੍ਰਿਸਟੵਿ": "{ਕ਼ਾ}{ਬਿ}{ਲ}{-}{ਦ੍ਰਿ}{ਸ}{ਟੵਿ}",
  "‘ਕੵਾ": "{‘ਕੵਾ}",
  "“ਗੵਾਨ”": "{“}{ਗੵਾ}{ਨ}{”}",
  "‘ਜੵੋਤਿ-ਪਾਠ’": "{‘}{ਜੵੋ}{ਤਿ}{-}{ਪਾ}{ਠ}{’}",
  "“ਪੱਕੵੀ”-ਟੈਸਟ": "{“}{ਪੱ}{ਕੵੀ}{”}{-}{ਟੈ}{ਸ}{ਟ}",
  "‘ਧਰਮੵ’": "{‘}{ਧ}{ਰ}{ਮੵ}{’}",
  "“ਨੱਕੵੀ”": "{“}{ਨੱ}{ਕੵੀ}{”}",
  "‘ਦ੍ਰਿਸਟੵਿ’": "{‘}{ਦ੍ਰਿ}{ਸ}{ਟੵਿ}{’}",
  "“ਸੵੰਗੀਤ”": "{“}{ਸੵੰ}{ਗੀ}{ਤ}{”}",
  "‘ਗੵਾਂਵ’": "{‘}{ਗੵਾਂ}{ਵ}{’}",
  "“ਫ਼ੱਕੵਾ”": "{“}{ਫ਼ੱ}{ਕੵਾ}{”}",
  "‘ਕਿਰਪਾ-ਗੵਾਨ’": "{‘}{ਕਿ}{ਰ}{ਪਾ}{-}{ਗੵਾ}{ਨ}{’}",
  "“ਪ੍ਰਕਾਸ਼-ਜੵੋਤਿ”": "{“}{ਪ੍ਰ}{ਕਾ}{ਸ਼}{-}{ਜੵੋ}{ਤਿ}{”}",
  "‘ਰਾਹ-ਗੵੋਲੇ’": "{‘}{ਰਾ}{ਹ}{-}{ਗੵੋ}{ਲੇ}{’}",
  "“ਕੇਸ-ਜੵੌਰ”": "{“}{ਕੇ}{ਸ}{-}{ਜੵੌ}{ਰ}{”}",
  "‘AI/ML-ਗੵਾਨ’": "{‘}AI/ML{-}{ਗੵਾ}{ਨ}{’}",
  "‘ਗੵਾਨ": "{‘ਗੵਾ}{ਨ}",
  "‘ਜੵੋਤਿ": "{‘ਜੵੋ}{ਤਿ}",
  "‘ਦ੍ਰਿਸਟੵਿ": "{‘ਦ੍ਰਿ}{ਸ}{ਟੵਿ}",
  "‘ਪੱਕੵੀ": "{‘ਪੱ}{ਕੵੀ}",
  "‘ਸੱਚੵਾ": "{‘ਸੱ}{ਚੵਾ}",
  "‘ਨੱਕੵੀ": "{‘ਨੱ}{ਕੵੀ}",
  "‘ਧਰਮੵ": "{‘ਧ}{ਰ}{ਮੵ}",
  "‘ਗੵਾਂਵ": "{‘ਗੵਾਂ}{ਵ}",
  "‘ਫ਼ੱਕੵਾ": "{‘ਫ਼ੱ}{ਕੵਾ}",
  "‘ਖ਼ਬਰ-ਗੵਾਨ": "{‘ਖ਼}{ਬ}{ਰ}{-}{ਗੵਾ}{ਨ}",
  "‘ਪ੍ਰਕਾਸ਼-ਜੵੋਤਿ": "{‘ਪ੍ਰ}{ਕਾ}{ਸ਼}{-}{ਜੵੋ}{ਤਿ}",
  "‘ਸ੍ਰੀ-ਧਰਮੵ": "{‘ਸ੍ਰੀ}{-}{ਧ}{ਰ}{ਮੵ}",
  "‘AI/ML-ਗੵਾਤ": "{‘}AI/ML{-}{ਗੵਾ}{ਤ}",
  "ਗੵਾਨ’": "{ਗੵਾ}{ਨ}{’}",
  "ਜੵੋਤਿ”": "{ਜੵੋ}{ਤਿ}{”}",
  "‘ਗੵਾਨ’": "{‘}{ਗੵਾ}{ਨ}{’}",
  "“ਜੵੋਤਿ”": "{“}{ਜੵੋ}{ਤਿ}{”}",
  "‘ਗੵਾਨ’-ਪਾਠ": "{‘}{ਗੵਾ}{ਨ}{’}{-}{ਪਾ}{ਠ}",
  "‘ਨਵਾਂ ਗੵਾਨ’": "{‘}{ਨ}{ਵਾਂ}{␠}{ਗੵਾ}{ਨ}{’}",
  "“ਗੵਾਨ{↵}ਪਾਠ”": "{“}{ਗੵਾ}{ਨ}{↵}{ਪਾ}{ਠ}{”}",
  "‘2025-ਗੵਾਨ’": "{‘}2025{-}{ਗੵਾ}{ਨ}{’}",
  "“AI/ML-ਗੵਾਤ”": "{“}AI/ML{-}{ਗੵਾ}{ਤ}{”}",
  "‘ਫ਼ੈਂਸਲਾ-ਪੱਕੵਾ’": "{‘}{ਫ਼ੈਂ}{ਸ}{ਲਾ}{-}{ਪੱ}{ਕੵਾ}{’}",
  "“ਖ਼ੂਨ-ਗੵਾਂਵ”": "{“}{ਖ਼ੂ}{ਨ}{-}{ਗੵਾਂ}{ਵ}{”}",
  "‘ਕ਼ਾਬਿਲ-ਦ੍ਰਿਸਟੵਿ’": "{‘}{ਕ਼ਾ}{ਬਿ}{ਲ}{-}{ਦ੍ਰਿ}{ਸ}{ਟੵਿ}{’}",
  "“ਸੱਚੵਾ-ਰਾਹ”": "{“}{ਸੱ}{ਚੵਾ}{-}{ਰਾ}{ਹ}{”}",
  "‘ਕੇਸ-ਜੵੌਰ’": "{‘}{ਕੇ}{ਸ}{-}{ਜੵੌ}{ਰ}{’}",
  "ਸ੍ਰੋਤਾਂ-ਗੵਾਤ": "{ਸ੍ਰੋ}{ਤਾਂ}{-}{ਗੵਾ}{ਤ}",
  "ਗ੍ਰਹਿਣਾਂ-ਪੱਕੵੀ": "{ਗ੍ਰ}{ਹਿ}{ਣਾਂ}{-}{ਪੱ}{ਕੵੀ}",
  "ਤ੍ਰਿਕੋਣਾਂ-ਸੱਚੵਾ": "{ਤ੍ਰਿ}{ਕੋ}{ਣਾਂ}{-}{ਸੱ}{ਚੵਾ}",
  "ਧ੍ਰੌਵੀਂ-ਜੵੌਰ": "{ਧ੍ਰੌ}{ਵੀਂ}{-}{ਜੵੌ}{ਰ}",
  "ਭ੍ਰਾਂਤੀਆਂ-ਗੵਾਨ": "{ਭ੍ਰਾਂ}{ਤੀ}{ਆਂ}{-}{ਗੵਾ}{ਨ}",
  "ਸੁੱਥ-ਧਰਮੵ": "{ਸੁੱ}{ਥ}{-}{ਧ}{ਰ}{ਮੵ}",
  "ਦ੍ਰਿਸਟੵਿ": "{ਦ੍ਰਿ}{ਸ}{ਟੵਿ}",
  "ਪ੍ਰਤੵ": "{ਪ੍ਰ}{ਤੵ}",
  "ਤ੍ਰਿਕੵਾ": "{ਤ੍ਰਿ}{ਕੵਾ}",
  "ਸ੍ਰੀ-ਧਰਮੵ": "{ਸ੍ਰੀ}{-}{ਧ}{ਰ}{ਮੵ}",
  "ਧਰਮ-ਜੵੋਤਿ": "{ਧ}{ਰ}{ਮ}{-}{ਜੵੋ}{ਤਿ}",
  "ਭਰਮ-ਜੵੀਵਨ": "{ਭ}{ਰ}{ਮ}{-}{ਜੵੀ}{ਵ}{ਨ}",
  "ਗ੍ਰੰਥ-ਕੵੇ": "{ਗ੍ਰੰ}{ਥ}{-}{ਕੵੇ}",
  "ਦ੍ਰਿਸ਼ਟੀ-ਜੵੋਤਿ": "{ਦ੍ਰਿ}{ਸ਼}{ਟੀ}{-}{ਜੵੋ}{ਤਿ}",
  "ਪ੍ਰਸਤਾਵ": "{ਪ੍ਰ}{ਸ}{ਤਾ}{ਵ}",
  "ਰਿਸਰਚ": "{ਰਿ}{ਸ}{ਰ}{ਚ}",
  "ਇੰਸਟਰੂਮੈਂਟ": "{ਇੰ}{ਸ}{ਟ}{ਰੂ}{ਮੈਂ}{ਟ}",
  "ਪਲੇਸਟ": "{ਪਲੇ}{ਸ}{ਟ}",
  "ਕਾਂਟਰੈਕਟ": "{ਕਾਂ}{ਟ}{ਰੈ}{ਕ}{ਟ}",
  "ਸ੍ਰੋਤਾਂ": "{ਸ੍ਰੋ}{ਤਾਂ}",
  "ਤ੍ਰਿਕੋਣਾਂ": "{ਤ੍ਰਿ}{ਕੋ}{ਣਾਂ}",
  "ਪ੍ਰਕੵਿ": "{ਪ੍ਰ}{ਕੵਿ}",
  "ਪ੍ਰਕੵੀ": "{ਪ੍ਰ}{ਕੵੀ}",
  "ਤ੍ਰਿਕੵਿ": "{ਤ੍ਰਿ}{ਕੵਿ}",
  "ਤ੍ਰਿਕੵੀ": "{ਤ੍ਰਿ}{ਕੵੀ}",
  "ਪ੍ਰਤੵਿ": "{ਪ੍ਰ}{ਤੵਿ}",
  "ਗੵਾਨ   ਪਾਠ": "{ਗੵਾ}{ਨ}{␠}{ਪਾ}{ਠ}",
  "ਗੵਾਨ ਪਾਠ": "{ਗੵਾ}{ਨ}{␠}{ਪਾ}{ਠ}",
  "ਗੵਾਨ - ਪ੍ਰਕਾਸ਼": "{ਗੵਾ}{ਨ}{␠}{-}{␠}{ਪ੍ਰ}{ਕਾ}{ਸ਼}",
  "ਗੵਾਨ-ਪ੍ਰਕਾਸ਼": "{ਗੵਾ}{ਨ}{-}{ਪ੍ਰ}{ਕਾ}{ਸ਼}",
  "ਪ੍ਰਕਾਸ਼- ਗੵਾਨ": "{ਪ੍ਰ}{ਕਾ}{ਸ਼}{-}{␠}{ਗੵਾ}{ਨ}",
  "ਗੵਾਨ{↵}ਪ੍ਰਕਾਸ਼": "{ਗੵਾ}{ਨ}{↵}{ਪ੍ਰ}{ਕਾ}{ਸ਼}",
  "“ਗੵੋਲਾ”": "{“}{ਗੵੋ}{ਲਾ}{”}",
  "ਗੵਾਨ-ਪ੍ਰਕਾਸ਼-ਜੵੋਤਿ": "{ਗੵਾ}{ਨ}{-}{ਪ੍ਰ}{ਕਾ}{ਸ਼}{-}{ਜੵੋ}{ਤਿ}",
  "ਗੵਾ  ਨ": "{ਗੵਾ}{␠}{ਨ}",
  "ਚੱਕਰ- ਗੵੋਲੇ": "{ਚੱ}{ਕ}{ਰ}{-}{␠}{ਗੵੋ}{ਲੇ}",
  "ਗੵਾਨ — ਪ੍ਰਕਾਸ਼": "{ਗੵਾ}{ਨ}{␠} — {␠}{ਪ੍ਰ}{ਕਾ}{ਸ਼}",
  "“AI/ML”-ਗੵਾਨ": "{“}AI/ML{”}{-}{ਗੵਾ}{ਨ}",
  "‘v3.0’-ਦਿਵੵ": "{‘}v3.0{’}{-}{ਦਿ}{ਵੵ}",
  "ਗੵਾਨ/ਧਰਮ": "{ਗੵਾ}{ਨ}/{ਧ}{ਰ}{ਮ}",
  "ਪ੍ਰਸ੍ਤਾਵ": "{ਪ੍ਰ}{ਸ੍}{ਤਾ}{ਵ}",
  "ਪ੍ਰਤ੍ਯਯ": "{ਪ੍ਰ}{ਤ੍}{ਯ}{ਯ}",
  "ਤ੍ਰ੍ਯੁਗ": "{ਤ੍ਰ੍}{ਯੁ}{ਗ}",
  "ਗ੍ਰ੍ਥ": "{ਗ੍ਰ੍}{ਥ}",
  "ਪ੍ਰਸ੍ਥਾਨ": "{ਪ੍ਰ}{ਸ੍}{ਥਾ}{ਨ}",
  "ਪ੍ਰਕਾਸ਼-ਤ੍ਯਾਗ": "{ਪ੍ਰ}{ਕਾ}{ਸ਼}{-}{ਤ੍}{ਯਾ}{ਗ}",
  "ਗੁ\\u200dਰਦੁਆਰਾ": "{ਗੁ}{ਰ}{ਦੁ}{ਆ}{ਰਾ}",
  "ਸਿ\\u200dਖੀ": "{ਸਿ}{ਖੀ}",
  "ਪ੍ਰਕਾ\\u200dਸ਼": "{ਪ੍ਰ}{ਕਾ}{ਸ਼}",
  "ਜੵੋ\\u200dਤਿ": "{ਜੵੋ}{ਤਿ}",
  "ਹੑੀ\\u200dਂ": "{ਹੑੀਂ}",
  "ਗ੍ਰੰ\\u200dਥ": "{ਗ੍ਰੰ}{ਥ}",
  "ਕ੍ਸ਼\\u200dਮਾ": "{ਕ੍}{ਸ਼}{ਮਾ}",
  "ਨਵਾਂ\\u200d-ਗੵਾਨ": "{ਨ}{ਵਾਂ}{-}{ਗੵਾ}{ਨ}",
  "‘ਗੵਾ\\u200dਨ’": "{‘}{ਗੵਾ}{ਨ}{’}",
  "ਗੁ\\u200cਰਦੁਆਰਾ": "{ਗੁ}{ਰ}{ਦੁ}{ਆ}{ਰਾ}",
  "ਪ੍ਰ\\u200cਕਾਸ਼": "{ਪ੍ਰ}{ਕਾ}{ਸ਼}",
  "ਜੵੋ\\u200cਤਿ": "{ਜੵੋ}{ਤਿ}",
  "ਸਿ\\u200cਖੀ": "{ਸਿ}{ਖੀ}",
  "ਹੑੀ\\u200cਂ": "{ਹੑੀਂ}",
  "ਗ੍ਰੰ\\u200cਥ": "{ਗ੍ਰੰ}{ਥ}",
  "ਕ੍ਸ਼\\u200cਮਾ": "{ਕ੍}{ਸ਼}{ਮਾ}",
  "‘ਗੵਾ\\u200cਨ’": "{‘}{ਗੵਾ}{ਨ}{’}",
  "ਨਵਾਂ\\u200c ਗੵਾਨ": "{ਨ}{ਵਾਂ}{␠}{ਗੵਾ}{ਨ}",
  "ਗੁਰਦੁਆਰਾ": "{ਗੁ}{ਰ}{ਦੁ}{ਆ}{ਰਾ}",
  "ਪ੍ਰਕਾਸ਼": "{ਪ੍ਰ}{ਕਾ}{ਸ਼}",
  "ਗੁਰਦੁਆਰਾ-ਸਾਹਿਬ": "{ਗੁ}{ਰ}{ਦੁ}{ਆ}{ਰਾ}{-}{ਸਾ}{ਹਿ}{ਬ}",
  "ਗੵਾਨ—ਪ੍ਰਕਾਸ਼": "{ਗੵਾ}{ਨ}—{ਪ੍ਰ}{ਕਾ}{ਸ਼}",
  "ਗੵਾਨ–ਪ੍ਰਕਾਸ਼": "{ਗੵਾ}{ਨ}–{ਪ੍ਰ}{ਕਾ}{ਸ਼}",
  "ਹਿੱਸਾ-ਪ੍ਰਸ਼ਨ": "{ਹਿੱ}{ਸਾ}{-}{ਪ੍ਰ}{ਸ਼}{ਨ}",
  "ਗੵਾਨ—“ਪਾਠ”": "{ਗੵਾ}{ਨ}—{“}{ਪਾ}{ਠ}{”}",
  "‘ਵਿਦੵਾ’—ਕੇਂਦਰ": "{‘}{ਵਿ}{ਦੵਾ}{’}—{ਕੇਂ}{ਦ}{ਰ}",
  "ਕੇਂਦਰ–ਪ੍ਰਕਾਸ਼": "{ਕੇਂ}{ਦ}{ਰ}–{ਪ੍ਰ}{ਕਾ}{ਸ਼}",
  "ਗੁਰਦੁਆਰਾ—ਪ੍ਰਸਾਦ": "{ਗੁ}{ਰ}{ਦੁ}{ਆ}{ਰਾ}—{ਪ੍ਰ}{ਸਾ}{ਦ}",
  "ਕੱਲ—“ਜੵਾਤ”": "{ਕੱ}{ਲ}—{“}{ਜੵਾ}{ਤ}{”}",
  "ਨਿੱਜ—“ਗੵਾਨ”": "{ਨਿੱ}{ਜ}—{“}{ਗੵਾ}{ਨ}{”}",
  "ਰੁੱਝ—“ਜੵੀਵਨ”": "{ਰੁੱ}{ਝ}—{“}{ਜੵੀ}{ਵ}{ਨ}{”}",
  "ਗ੍ਹਾਂ": "{ਗ੍ਹਾਂ}",
  "“ਗੱਲਾਂ”": "{“}{ਗੱ}{ਲਾਂ}{”}",
  "‘ਕੂੰਜ’": "{‘}{ਕੂੰ}{ਜ}{’}",
  "ਮੂੰਹ—“ਰਾਹ”": "{ਮੂੰ}{ਹ}—{“}{ਰਾ}{ਹ}{”}",
  "‘ਗੵੌਂ’": "{‘}{ਗੵੌਂ}{’}",
  "ਪ੍ਰਕੵਾਂ": "{ਪ੍ਰ}{ਕੵਾਂ}",
  "ਗ੍ਰੰਥ": "{ਗ੍ਰੰ}{ਥ}",
  "ਗ੍ਰਹਿਣਾਂ": "{ਗ੍ਰ}{ਹਿ}{ਣਾਂ}",
  "ਸ੍ਰੀ-ਧਰਮ": "{ਸ੍ਰੀ}{-}{ਧ}{ਰ}{ਮ}",
  "ਸ਼੍ਰੁਤੀ": "{ਸ਼੍ਰੁ}{ਤੀ}",
  "ਸ਼੍ਰੇਯਸ": "{ਸ਼੍ਰੇ}{ਯ}{ਸ}",
  "ਪ੍ਰਗਟ-ਵਿਗੵਾਨ": "{ਪ੍ਰ}{ਗ}{ਟ}{-}{ਵਿ}{ਗੵਾ}{ਨ}",
  "ਪ੍ਰਸਥ": "{ਪ੍ਰ}{ਸ}{ਥ}",
  "ਤ੍ਰਿਕ": "{ਤ੍ਰਿ}{ਕ}",
  "ਤ੍ਰਿਸ੍ਤੁਤੀ": "{ਤ੍ਰਿ}{ਸ੍}{ਤੁ}{ਤੀ}",
  "ਗ੍ਰਸਤ": "{ਗ੍ਰ}{ਸ}{ਤ}",
  "ਗ੍ਰਸਿਤ": "{ਗ੍ਰ}{ਸਿ}{ਤ}",
  "ਸ੍ਰਵਣ": "{ਸ੍ਰ}{ਵ}{ਣ}",
  "ਸ੍ਰਕੰਪ": "{ਸ੍ਰ}{ਕੰ}{ਪ}",
  "ਸ੍ਰੇਸ਼ਠ": "{ਸ੍ਰੇ}{ਸ਼}{ਠ}",
  "‘ਪ੍ਰਕਾਸ਼": "{‘}{ਪ੍ਰ}{ਕਾ}{ਸ਼}",
  "“ਗ੍ਰੰਥ”": "{“}{ਗ੍ਰੰ}{ਥ}{”}",
  "‘ਸ਼੍ਰੁਤੀ’—ਪਾਠ": "{‘}{ਸ਼੍ਰੁ}{ਤੀ}{’}—{ਪਾ}{ਠ}",
  "ਗ੍ਰੰਥ—“ਪਾਠ”": "{ਗ੍ਰੰ}{ਥ}—{“}{ਪਾ}{ਠ}{”}",
  "ਪ੍ਰਯੋਗ—“ਧਰਮ”": "{ਪ੍ਰ}{ਯੋ}{ਗ}—{“}{ਧ}{ਰ}{ਮ}{”}",
  "‘ਗ੍ਰਹਿਣਾਂ’": "{‘}{ਗ੍ਰ}{ਹਿ}{ਣਾਂ}{’}",
  "ਗੁਰਦੁਆਰਾ{↵}ਸਾਹਿਬ": "{ਗੁ}{ਰ}{ਦੁ}{ਆ}{ਰਾ}{↵}{ਸਾ}{ਹਿ}{ਬ}",
  "‘ਗੵਾਨ{↵}ਪਾਠ’": "{‘}{ਗੵਾ}{ਨ}{↵}{ਪਾ}{ਠ}{’}",
  "“ਪੱਕੵੀ{↵}ਟੈਸਟ”": "{“}{ਪੱ}{ਕੵੀ}{↵}{ਟੈ}{ਸ}{ਟ}{”}",
  "ਪ੍ਰ{↵}ਕਾਸ਼": "{ਪ੍ਰ}{↵}{ਕਾ}{ਸ਼}",
  "ਗ੍ਰੰ{↵}ਥ": "{ਗ੍ਰੰ}{↵}{ਥ}",
  "ਗੱਲ{↵}ਾਂ": "{ਗੱ}{ਲ}{↵}{ਾਂ}",
  "ਨਿੱਜ{↵}—“ਗੵਾਨ”": "{ਨਿੱ}{ਜ}{↵}—{“}{ਗੵਾ}{ਨ}{”}",
  "ਕੱ{↵}-ਰਾ": "{ਕੱ}{↵}{-}{ਰਾ}",
  "ਸ੍ਰੀ{↵}-ਧਰਮ": "{ਸ੍ਰੀ}{↵}{-}{ਧ}{ਰ}{ਮ}"
}