{
  "type": "crossword",
  "theme": "THEME_NAME",
  "rules_version": "2025-10-02",
  "cluster_source": "db@v1",
  "seed": 12345,
  "grid": {
    "rows": 17,
    "cols": 17,
    "symmetry": false
  },
  "rules": {
    "non_stacking": true,
    "cluster_crossings_exact": true,
    "minis_cap": 2
  },
  "entries_take": 50,
  "entries": [
    {
      "gu": "ਗੁਰਦੁਆਰਾ",
      "clue": "Sikh place of worship",
      "clusters": [
        "{ਗੁ}",
        "{ਰ}",
        "{ਦੁ}",
        "{ਆ}",
        "{ਰਾ}"
      ]
    }
  ]
}