{
  "type": "wordsearch",
  "theme": "THEME_NAME",
  "tier": "T3",
  "rules_version": "2025-10-02",
  "cluster_source": "db@v1",
  "seed": 12345,
  "words_per_puzzle": 30,
  "directions": [
    "N",
    "NE",
    "E",
    "SE",
    "S",
    "SW",
    "W",
    "NW"
  ],
  "backwards": true,
  "words": [
    {
      "gu": "ਗੁਰਦੁਆਰਾ",
      "en": "Gurdwara",
      "clue": "Sikh place of worship",
      "clusters": [
        "{ਗੁ}",
        "{ਰ}",
        "{ਦੁ}",
        "{ਆ}",
        "{ਰਾ}"
      ]
    }
  ]
}